tf	lipid	cor
RUNX1	PI 16:0;0_16:1;0	0.998836888004935
E2F4	PC 16:0;0_16:1;0	-0.998620261750946
PBX2	PI 16:0;0_16:1;0	0.998526558965252
ZFP217	PC 16:0;0_16:1;0	0.998415602858307
MAFB	PC 16:0;0_16:1;0	0.998360024911998
YY1	PS 16:1;0_18:0;0	-0.997933875450104
MAFK	PC 16:0;0_16:1;0	0.997838611530173
ATF6	PC 16:0;0_16:0;0	0.997519302865182
WT1	PC 16:0;0_16:1;0	-0.996641363388774
RARA	PI 16:0;0_16:1;0	0.996639098446794
BATF	PC 16:0;0_16:0;0	0.996527047831398
TFDP1	PS 16:1;0_18:0;0	-0.996473385895863
MEF2B	PS 16:1;0_18:0;0	0.996450494728277
IRF4	PI 16:0;0_16:1;0	0.995959367069802
NFE2L1	PI 16:0;0_16:1;0	0.995809300594355
SREBF2	PI 16:0;0_16:1;0	0.995761057635634
HNF4A	PI 16:0;0_16:1;0	0.995341345004062
MITF	PC 16:0;0_16:1;0	-0.995033389886252
WT1	PE 16:0;0_16:1;0	-0.994974782821329
ELF3	PC 16:0;0_16:0;0	0.994349859625273
ETV1	PE 16:0;0_16:1;0	-0.994342128176936
ZFP217	PE 16:0;0_16:1;0	0.99366601528828
ETS2	PI 16:0;0_16:1;0	-0.993659728167997
E2F4	PE 16:0;0_16:1;0	-0.993590032539115
E2F1	PS 16:1;0_18:0;0	-0.993589536982089
HINFP	PC 16:0;0_16:1;0	-0.993493717196159
MAFB	PE 16:0;0_16:1;0	0.993336364852554
MBD1	PC 16:0;0_16:0;0	0.993051684221924
FOXM1	PC 16:0;0_16:1;0	-0.992509123434176
MAFK	PE 16:0;0_16:1;0	0.991864652319445
TFAP2A	PC 16:0;0_16:1;0	0.991800998806433
TFAP2A	PE 16:0;0_16:1;0	0.991394760154618
SRF	PC 16:0;0_16:1;0	-0.991246456174812
MITF	PE 16:0;0_16:1;0	-0.990676732224265
SREBF1	PS 16:1;0_18:0;0	0.99060676916824
E2F2	PC 16:0;0_16:1;0	-0.990551939216986
SREBF1	PC 16:0;0_16:1;0	0.990462023196697
ELF1	PC 16:0;0_16:1;0	0.990131151432368
ETV1	PC 16:0;0_16:1;0	-0.989611335493068
IKZF1	PS 16:1;0_18:0;0	0.988739563779305
LEF1	PS 16:1;0_18:0;0	-0.988159275491374
FOXM1	PE 16:0;0_16:1;0	-0.987997733597444
HOXB13	PC 16:0;0_16:0;0	0.987930459051098
HINFP	PS 16:1;0_18:0;0	-0.987839002961701
SP4	PC 16:0;0_16:0;0	0.987617967051699
ETS2	PC 16:0;0_16:1;0	-0.987262509290077
ETS2	PE 16:0;0_16:1;0	-0.987081045159429
E2F1	PC 16:0;0_16:1;0	-0.986677867659556
ETV1	PI 16:0;0_16:1;0	-0.986660391595389
HINFP	PE 16:0;0_16:1;0	-0.986171099232647
TCF3	PC 16:0;0_16:1;0	-0.986066247950358
HBP1	PC 16:0;0_16:1;0	-0.985877797914022
FOXM1	PS 16:1;0_18:0;0	-0.985837503534939
EGR1	PC 16:0;0_16:0;0	0.98520364946435
PROX1	PC 16:0;0_16:0;0	0.984546684447877
AR	PC 16:0;0_16:0;0	0.984184514660069
SMAD1	PC 16:0;0_16:0;0	0.984080958050401
E2F3	PC 16:0;0_16:1;0	-0.983906225217632
SREBF1	PE 16:0;0_16:1;0	0.98370839541812
SOX6	PS 16:1;0_18:0;0	0.98337853690467
LEF1	PC 16:0;0_16:1;0	-0.983273103458197
MEF2B	PC 16:0;0_16:1;0	0.982781384782027
FOXM1	PI 16:0;0_16:1;0	-0.982555099217172
FOXP2	PE 16:0;0_16:1;0	-0.98222721897256
NFE2L1	PC 16:0;0_16:1;0	0.982202982493421
E2F2	PE 16:0;0_16:1;0	-0.982160684485414
BCL11A	PE 16:0;0_16:1;0	0.982018105775252
GLI2	PS 16:1;0_18:0;0	-0.981813797036011
IRF4	PS 16:1;0_18:0;0	0.981790387329066
SRF	PE 16:0;0_16:1;0	-0.981554963103147
NFE2L1	PE 16:0;0_16:1;0	0.981520257780585
BACH2	PS 16:1;0_18:0;0	0.980881669367815
HBP1	PE 16:0;0_16:1;0	-0.980103397431262
ELF1	PE 16:0;0_16:1;0	0.979840097750586
E2F1	PE 16:0;0_16:1;0	-0.978926919408239
FOXP2	PC 16:0;0_16:1;0	-0.978746363236153
NFYB	PS 16:1;0_18:0;0	-0.978176969973689
RUNX1	PE 16:0;0_16:1;0	0.977404510480046
RARA	PS 16:1;0_18:0;0	0.977398801994258
SREBF1	PI 16:0;0_16:1;0	0.977378018272963
E2F1	PI 16:0;0_16:1;0	-0.977300985873769
NFE2L1	PS 16:1;0_18:0;0	0.977297806764816
ELK4	PC 16:0;0_16:1;0	-0.977252786736518
E2F5	PS 16:1;0_18:0;0	-0.97687400905468
ATF3	PE 16:0;0_16:1;0	-0.976458642955022
RUNX1	PC 16:0;0_16:1;0	0.975553438625381
USF2	PI 16:0;0_16:1;0	0.97544635451966
PKNOX1	PC 16:0;0_16:0;0	-0.975056103118852
ETS2	PS 16:1;0_18:0;0	-0.975037954866633
E2F4	PS 16:1;0_18:0;0	-0.974921882367817
TCF3	PE 16:0;0_16:1;0	-0.974775143302184
MAFK	PS 16:1;0_18:0;0	0.974302119458221
ELF1	PS 16:1;0_18:0;0	0.974102655193887
E2F3	PE 16:0;0_16:1;0	-0.973867334398752
ESR2	PC 16:0;0_16:1;0	0.973649604923038
E2F7	PE 16:0;0_16:1;0	-0.973251224745402
NR1H2	PC 16:0;0_16:0;0	0.973040511065281
BCL6	PC 16:0;0_16:0;0	-0.973014623036793
MEF2B	PE 16:0;0_16:1;0	0.972901267378899
SRF	PS 16:1;0_18:0;0	-0.97246523301396
PAX6	PI 16:0;0_16:1;0	-0.972117611732089
IRF4	PC 16:0;0_16:1;0	0.972034941540212
YY1	PI 16:0;0_16:1;0	-0.971723711363033
ZFP384	PS 16:1;0_18:0;0	0.971620618709262
BHLHE22	PS 16:1;0_18:0;0	0.970978797243445
MEF2B	PI 16:0;0_16:1;0	0.970778458661545
LEF1	PE 16:0;0_16:1;0	-0.970300076448188
ZEB2	PI 16:0;0_16:1;0	-0.969990491152536
ESR2	PE 16:0;0_16:1;0	0.969890253341394
NFKB2	PC 16:0;0_16:0;0	0.969805465676547
FOS	PS 16:1;0_18:0;0	0.96961997180894
IRF4	PE 16:0;0_16:1;0	0.969609887397088
ELK4	PS 16:1;0_18:0;0	-0.969423498954086
HINFP	PI 16:0;0_16:1;0	-0.969281042506987
MEF2A	PE 16:0;0_16:1;0	0.969022184781313
PAX8	PE 16:0;0_16:1;0	-0.968902025964658
BCL11A	PC 16:0;0_16:1;0	0.96885417843112
MYBL2	PI 16:0;0_16:1;0	-0.968725123317814
PBX2	PS 16:1;0_18:0;0	0.967852332562606
FOSL1	PC 16:0;0_16:0;0	0.967709240012262
RUNX1	PS 16:1;0_18:0;0	0.967541019084882
HNF4A	PS 16:1;0_18:0;0	0.967407999631847
E2F5	PC 16:0;0_16:1;0	-0.96737051318734
FOS	PC 16:0;0_16:1;0	0.967346874495663
TCF3	PS 16:1;0_18:0;0	-0.96731841201003
TFDP1	PC 16:0;0_16:1;0	-0.967133841337057
MAFB	PS 16:1;0_18:0;0	0.966938814526566
MEF2A	PC 16:0;0_16:1;0	0.965575327845339
BCL11A	PI 16:0;0_16:1;0	0.965193466255016
ZFP217	PS 16:1;0_18:0;0	0.965167280437375
ATF7	PC 16:0;0_16:0;0	0.965135053177407
ATF3	PC 16:0;0_16:1;0	-0.965079725476082
TCF7L2	PC 16:0;0_16:1;0	-0.962987718775597
ELK4	PE 16:0;0_16:1;0	-0.962854831848775
E2F4	PI 16:0;0_16:1;0	-0.962352494751733
SREBF2	PS 16:1;0_18:0;0	0.961652009455285
RARA	PC 16:0;0_16:1;0	0.961297605318544
TCF7L2	PE 16:0;0_16:1;0	-0.961101815332804
SPIB	PC 16:0;0_16:1;0	0.960921540676359
KLF4	PC 16:0;0_16:0;0	0.960895548763281
ZFP384	PC 16:0;0_16:1;0	0.960684104015725
FOXK2	PC 16:0;0_16:1;0	0.960641751554645
KLF1	PC 16:0;0_16:0;0	-0.959532920243299
RARA	PE 16:0;0_16:1;0	0.959391755655215
MAFG	PS 16:1;0_18:0;0	0.959041303200767
E2F2	PS 16:1;0_18:0;0	-0.958762888987806
SPIB	PE 16:0;0_16:1;0	0.958264804856185
YY1	PC 16:0;0_16:1;0	-0.958103712934196
FOXK2	PE 16:0;0_16:1;0	0.95791741446237
E2F7	PC 16:0;0_16:1;0	-0.95719120310551
PBX2	PE 16:0;0_16:1;0	0.95688150898681
ZEB2	PS 16:1;0_18:0;0	-0.956764152881827
MAFK	PI 16:0;0_16:1;0	0.9565083536945
PBX2	PC 16:0;0_16:1;0	0.95639730676753
NFYB	PI 16:0;0_16:1;0	-0.953842445465194
THAP11	PC 16:0;0_16:0;0	-0.953188022288037
FOXK2	PC 16:0;0_16:0;0	0.952340660270272
SPIB	PC 16:0;0_16:0;0	0.952209446966457
FOSL1	PE 16:0;0_16:1;0	0.952060207691119
PAX8	PC 16:0;0_16:1;0	-0.951825600950265
TCF7L2	PC 16:0;0_16:0;0	-0.951619925414216
E2F3	PS 16:1;0_18:0;0	-0.951579857652109
MAFB	PI 16:0;0_16:1;0	0.951432532482663
TFDP1	PE 16:0;0_16:1;0	-0.951063253665437
MYBL2	PS 16:1;0_18:0;0	-0.950950468384552
ETV1	PS 16:1;0_18:0;0	-0.950784349826142
GATA3	PS 16:1;0_18:0;0	0.950586319100588
MEF2A	PC 16:0;0_16:0;0	0.950583680509967
ZFP217	PI 16:0;0_16:1;0	0.950490085248766
ATF7	PC 16:0;0_16:1;0	0.950323269721058
FOS	PE 16:0;0_16:1;0	0.950214947128233
TBP	PI 16:0;0_16:1;0	-0.950195146878279
E2F5	PE 16:0;0_16:1;0	-0.949912420762991
MITF	PS 16:1;0_18:0;0	-0.949897893597694
ATF7	PE 16:0;0_16:1;0	0.949732427520045
USF2	PS 16:1;0_18:0;0	0.949431013845404
PAX8	PI 16:0;0_16:1;0	-0.9478416542927
E2F7	PI 16:0;0_16:1;0	-0.947612997544979
FOSL1	PC 16:0;0_16:1;0	0.947462705657323
YY1	PE 16:0;0_16:1;0	-0.946435303071506
EHF	PC 16:0;0_16:0;0	-0.945655340852142
WT1	PS 16:1;0_18:0;0	-0.944796048566324
HNF4A	PC 16:0;0_16:1;0	0.944790267940704
HNF4A	PE 16:0;0_16:1;0	0.944066240581089
NFKB2	PC 16:0;0_16:1;0	0.943932860470328
NFKB2	PE 16:0;0_16:1;0	0.943327153253495
SREBF2	PE 16:0;0_16:1;0	0.942163708971866
TFDP1	PI 16:0;0_16:1;0	-0.941885020011487
LEF1	PI 16:0;0_16:1;0	-0.941862222865359
ZFP384	PE 16:0;0_16:1;0	0.94185141778894
SREBF2	PC 16:0;0_16:1;0	0.941591121126759
NR1H2	PE 16:0;0_16:1;0	0.940593919734619
NR1H2	PC 16:0;0_16:1;0	0.940395264252398
WT1	PI 16:0;0_16:1;0	-0.940137501740172
PAX6	PS 16:1;0_18:0;0	-0.939697918876149
POU2F1	PC 16:0;0_16:0;0	0.939606053128811
FOXO3	PC 16:0;0_16:0;0	0.939480161099672
SOX6	PI 16:0;0_16:1;0	0.939312316884947
MAFG	PC 16:0;0_16:1;0	0.938986584920807
FLI1	PC 16:0;0_16:0;0	0.937398201067436
SRF	PI 16:0;0_16:1;0	-0.935587042854503
ELF1	PI 16:0;0_16:1;0	0.934908214681267
TBP	PS 16:1;0_18:0;0	-0.934810330278777
ESR2	PC 16:0;0_16:0;0	0.934065636698601
NEUROD1	PE 16:0;0_16:1;0	-0.933841586105485
HBP1	PS 16:1;0_18:0;0	-0.933795448923352
ETV4	PC 16:0;0_16:0;0	-0.933518821517766
MITF	PI 16:0;0_16:1;0	-0.932763327901053
POU2F1	PE 16:0;0_16:1;0	0.932720748098609
MYC	PE 16:0;0_16:1;0	-0.930754966035338
PGR	PI 16:0;0_16:1;0	-0.930091118030055
FOXP2	PC 16:0;0_16:0;0	-0.929942680702444
GLI2	PC 16:0;0_16:1;0	-0.929011973335912
NEUROD1	PC 16:0;0_16:0;0	-0.928549632843376
TFAP2A	PS 16:1;0_18:0;0	0.92819253078762
TFAP2A	PI 16:0;0_16:1;0	0.925929678848912
AR	PE 16:0;0_16:1;0	0.924388494446867
E2F2	PI 16:0;0_16:1;0	-0.924127036877387
POU5F1	PS 16:1;0_18:0;0	-0.922960323285587
AR	PC 16:0;0_16:1;0	0.922053912914306
IKZF1	PC 16:0;0_16:1;0	0.921854557873341
SMAD5	PC 16:0;0_16:0;0	0.921604179683025
TCF3	PI 16:0;0_16:1;0	-0.921397348161017
SMAD1	PE 16:0;0_16:1;0	0.920680749638069
SMAD1	PC 16:0;0_16:1;0	0.919992821627555
BACH2	PC 16:0;0_16:1;0	0.919666675169193
NFE2	PE 16:0;0_16:1;0	0.917838958656381
HOXB13	PE 16:0;0_16:1;0	0.916548465818872
MAFG	PE 16:0;0_16:1;0	0.916257430163737
POU2F1	PC 16:0;0_16:1;0	0.915343039383832
NEUROD1	PC 16:0;0_16:1;0	-0.915279576367086
ATF3	PC 16:0;0_16:0;0	-0.914085284446123
HOXB13	PC 16:0;0_16:1;0	0.913329850779897
MAFF	PI 16:0;0_16:1;0	0.912534972862295
IKZF1	PI 16:0;0_16:1;0	0.911058380772054
ZFP740	PI 16:0;0_16:1;0	-0.910672687481635
HMBOX1	PS 16:1;0_18:0;0	-0.910319522102504
ELK4	PI 16:0;0_16:1;0	-0.910139680106039
PGR	PS 16:1;0_18:0;0	-0.909306040684468
ATF3	PI 16:0;0_16:1;0	-0.90843914764851
E2F3	PI 16:0;0_16:1;0	-0.907377704049436
E2F5	PI 16:0;0_16:1;0	-0.906926192804268
MYC	PC 16:0;0_16:1;0	-0.906538861188908
HBP1	PI 16:0;0_16:1;0	-0.905853274201152
GLI2	PE 16:0;0_16:1;0	-0.905107453065537
MAFF	PS 16:1;0_18:0;0	0.904138325567914
SOX6	PC 16:0;0_16:1;0	0.903799845163234
NFYB	PC 16:0;0_16:1;0	-0.903590376647706
NFE2L2	PI 16:0;0_16:1;0	0.903346169124989
HBP1	PC 16:0;0_16:0;0	-0.903100424864121
FOXP2	PI 16:0;0_16:1;0	-0.90284930835506
ESR2	PS 16:1;0_18:0;0	0.902784865811359
TAL1	PI 16:0;0_16:1;0	0.902723119183369
CDX2	PC 16:0;0_16:0;0	0.902583849658711
TFAP2A	PC 16:0;0_16:0;0	0.901841810980992
BHLHE22	PI 16:0;0_16:1;0	0.901641515595231
NANOG	PI 16:0;0_16:1;0	-0.899941349230679
IKZF1	PE 16:0;0_16:1;0	0.899261917230297
FOS	PI 16:0;0_16:1;0	0.898714071793564
USF2	PC 16:0;0_16:1;0	0.896859129201569
BCL11A	PS 16:1;0_18:0;0	0.895879997028905
RXRA	PI 16:0;0_16:1;0	0.895508582384385
ZEB2	PC 16:0;0_16:1;0	-0.895413644736266
MYC	PI 16:0;0_16:1;0	-0.894912943570793
BACH2	PE 16:0;0_16:1;0	0.894827540976345
ZFP384	PI 16:0;0_16:1;0	0.894386461538094
NFE2L2	PS 16:1;0_18:0;0	0.894349944393872
USF2	PE 16:0;0_16:1;0	0.893941153983613
NFYA	PE 16:0;0_16:1;0	0.89252634036127
NFE2	PC 16:0;0_16:1;0	0.892484383050837
FOXP2	PS 16:1;0_18:0;0	-0.892453864187
GLI2	PI 16:0;0_16:1;0	-0.891576095988297
CREB3	PC 16:0;0_16:0;0	-0.891196452956233
NFYB	PE 16:0;0_16:1;0	-0.890106206627053
ZEB2	PE 16:0;0_16:1;0	-0.889606388482006
MYBL2	PC 16:0;0_16:1;0	-0.889394640740514
NR2C2	PC 16:0;0_16:0;0	-0.889323749334514
BACH2	PI 16:0;0_16:1;0	0.888429596671032
TAL1	PS 16:1;0_18:0;0	0.888281809836387
NR3C1	PC 16:0;0_16:0;0	0.887210226773106
SOX6	PE 16:0;0_16:1;0	0.886435835482006
PAX6	PC 16:0;0_16:1;0	-0.886363537384744
PROX1	PE 16:0;0_16:1;0	0.885776485253286
ZFP740	PS 16:1;0_18:0;0	-0.885368975586429
PAX6	PE 16:0;0_16:1;0	-0.884586869229066
MYBL2	PE 16:0;0_16:1;0	-0.884414738128024
POU4F2	PS 16:1;0_18:0;0	-0.881858841695257
CREB3	PE 16:0;0_16:1;0	-0.880915692324502
RXRA	PS 16:1;0_18:0;0	0.880858765174667
WT1	PC 16:0;0_16:0;0	-0.880405949529596
MITF	PC 16:0;0_16:0;0	-0.879313159115332
TCF7L2	PS 16:1;0_18:0;0	-0.878717016690687
ESR2	PI 16:0;0_16:1;0	0.878571792879843
SPIB	PS 16:1;0_18:0;0	0.877862124020811
FOXK2	PS 16:1;0_18:0;0	0.87763655989251
ATF6	PE 16:0;0_16:1;0	0.877158769220922
NANOG	PS 16:1;0_18:0;0	-0.876671776122184
E2F3	PC 16:0;0_16:0;0	-0.875382739561093
MEF2A	PI 16:0;0_16:1;0	0.874875041922148
ATF6	PC 16:0;0_16:1;0	0.873922359275147
PROX1	PC 16:0;0_16:1;0	0.872336689781207
BHLHE22	PC 16:0;0_16:1;0	0.87218649052085
MEF2A	PS 16:1;0_18:0;0	0.868960027106459
E2F7	PS 16:1;0_18:0;0	-0.868472058226584
ONECUT1	PI 16:0;0_16:1;0	-0.868025962853675
E2F2	PC 16:0;0_16:0;0	-0.866677683503348
NFE2	PI 16:0;0_16:1;0	0.866591102309879
NFYA	PC 16:0;0_16:1;0	0.863602666734775
PAX8	PS 16:1;0_18:0;0	-0.863145154115192
MAFG	PI 16:0;0_16:1;0	0.863028003403835
OTX2	PS 16:1;0_18:0;0	-0.862700252721811
GATA3	PI 16:0;0_16:1;0	0.862464617468078
ATF3	PS 16:1;0_18:0;0	-0.861095650085218
TCF7L2	PI 16:0;0_16:1;0	-0.859546967480827
OTX2	PI 16:0;0_16:1;0	-0.858774508889167
TBP	PC 16:0;0_16:1;0	-0.857628600103006
NFE2	PC 16:0;0_16:0;0	0.855600808657953
ATF7	PS 16:1;0_18:0;0	0.854990836391833
SPIB	PI 16:0;0_16:1;0	0.854804229196015
FOXK2	PI 16:0;0_16:1;0	0.854215294958771
CREB3	PC 16:0;0_16:1;0	-0.853699447918661
SOX11	PC 16:0;0_16:0;0	0.853523561884792
TBP	PE 16:0;0_16:1;0	-0.851285145333039
ZFP217	PC 16:0;0_16:0;0	0.850182214209986
BHLHE22	PE 16:0;0_16:1;0	0.849111720928154
NEUROD1	PI 16:0;0_16:1;0	-0.848544590877887
POU5F1	PC 16:0;0_16:1;0	-0.847797786012729
MAFB	PC 16:0;0_16:0;0	0.846838258625972
TCF3	PC 16:0;0_16:0;0	-0.846700554384012
NFYA	PI 16:0;0_16:1;0	0.845923059560213
NFKB2	PS 16:1;0_18:0;0	0.845433801037123
FOSL1	PI 16:0;0_16:1;0	0.844323494680613
EGR1	PE 16:0;0_16:1;0	0.841082951650022
POU2F1	PI 16:0;0_16:1;0	0.840838111750286
JUNB	PC 16:0;0_16:0;0	0.83995029098009
IRF2	PS 16:1;0_18:0;0	0.839511053362213
SRF	PC 16:0;0_16:0;0	-0.838939656067848
ATF7	PI 16:0;0_16:1;0	0.838486926660368
MBD1	PE 16:0;0_16:1;0	0.838108639275029
NR1H2	PS 16:1;0_18:0;0	0.837885132333769
FOSL1	PS 16:1;0_18:0;0	0.837543937608086
ELF1	PC 16:0;0_16:0;0	0.834510654086106
GATA3	PC 16:0;0_16:1;0	0.833817931567199
HMBOX1	PC 16:0;0_16:1;0	-0.832903310329217
NFYA	PC 16:0;0_16:0;0	0.831922758042089
IRF2	PI 16:0;0_16:1;0	0.831752464733108
MYC	PC 16:0;0_16:0;0	-0.831571143372644
ELK4	PC 16:0;0_16:0;0	-0.831250026453213
MAFK	PC 16:0;0_16:0;0	0.830520645641206
E2F7	PC 16:0;0_16:0;0	-0.83028679856943
ATF4	PI 16:0;0_16:1;0	0.830041076557456
ATF1	PS 16:1;0_18:0;0	-0.828114065995103
NFKB2	PI 16:0;0_16:1;0	0.827472799180591
MAF	PS 16:1;0_18:0;0	0.826326607027591
MBD1	PC 16:0;0_16:1;0	0.825686747820791
EGR1	PC 16:0;0_16:1;0	0.825535394962747
E2F4	PC 16:0;0_16:0;0	-0.824714432767192
NR1H2	PI 16:0;0_16:1;0	0.822785324530997
E2F6	PC 16:0;0_16:0;0	-0.822247205183348
PGR	PC 16:0;0_16:1;0	-0.82192109672441
KLF6	PS 16:1;0_18:0;0	0.819679547826376
PAX8	PC 16:0;0_16:0;0	-0.818943257837682
ONECUT1	PS 16:1;0_18:0;0	-0.818503755377525
CUX1	PI 16:0;0_16:1;0	0.816139331153049
PGR	PE 16:0;0_16:1;0	-0.81600050558873
FOS	PC 16:0;0_16:0;0	0.814673315616611
BCL11A	PC 16:0;0_16:0;0	0.814092144409184
POU5F1	PE 16:0;0_16:1;0	-0.813399203521604
IRF1	PI 16:0;0_16:1;0	0.810489771399563
ELF3	PE 16:0;0_16:1;0	0.808326483174804
SMAD1	PS 16:1;0_18:0;0	0.80736632065085
TCF7	PS 16:1;0_18:0;0	-0.80653368138282
GATA3	PE 16:0;0_16:1;0	0.806309612431518
AR	PS 16:1;0_18:0;0	0.805783501026898
MAFF	PC 16:0;0_16:1;0	0.804545921203071
CREB3	PI 16:0;0_16:1;0	-0.800409772297513
POU4F2	PI 16:0;0_16:1;0	-0.798918696794379
BATF	PE 16:0;0_16:1;0	0.798599837046486
ELF3	PC 16:0;0_16:1;0	0.797420605512566
ZFP384	PC 16:0;0_16:0;0	0.797113245620555
HMBOX1	PE 16:0;0_16:1;0	-0.797111118931331
AR	PI 16:0;0_16:1;0	0.796866312465291
RELA	PC 16:0;0_16:0;0	-0.796823067255699
E2F5	PC 16:0;0_16:0;0	-0.796120434088362
MAFF	PE 16:0;0_16:1;0	0.795642127592684
CTCF	PC 16:0;0_16:0;0	-0.794578553649954
MAF	PI 16:0;0_16:1;0	0.793846922845831
ZFP740	PC 16:0;0_16:1;0	-0.792873155432915
BATF	PC 16:0;0_16:1;0	0.79163703459195
HOXB13	PS 16:1;0_18:0;0	0.791381522110322
ETV1	PC 16:0;0_16:0;0	-0.791294481651043
SMAD1	PI 16:0;0_16:1;0	0.790607750123088
KLF6	PI 16:0;0_16:1;0	0.790441621431916
LEF1	PC 16:0;0_16:0;0	-0.788450124887562
NFE2L2	PC 16:0;0_16:1;0	0.787997671445869
SP2	PC 16:0;0_16:0;0	-0.787685802755648
ZFP740	PE 16:0;0_16:1;0	-0.787538603797489
HINFP	PC 16:0;0_16:0;0	-0.785390870596371
HOXB13	PI 16:0;0_16:1;0	0.785001969714028
SP4	PE 16:0;0_16:1;0	0.784804624955419
MYC	PS 16:1;0_18:0;0	-0.784355337750442
TAL1	PC 16:0;0_16:1;0	0.783490088811104
MAFG	PC 16:0;0_16:0;0	0.783311668679891
POU5F1	PI 16:0;0_16:1;0	-0.780740856458464
NANOG	PC 16:0;0_16:1;0	-0.780009535122929
NFE2L2	PE 16:0;0_16:1;0	0.778809045151323
RXRA	PC 16:0;0_16:1;0	0.778743865899351
ESRRA	PE 16:0;0_16:1;0	0.778060302637465
NEUROD1	PS 16:1;0_18:0;0	-0.77592600658793
TAL1	PE 16:0;0_16:1;0	0.775404370822525
POU2F1	PS 16:1;0_18:0;0	0.775150376165068
BHLHE40	PC 16:0;0_16:0;0	-0.774373900533704
NANOG	PE 16:0;0_16:1;0	-0.774080529892356
TCF7	PI 16:0;0_16:1;0	-0.772411755235666
SP4	PC 16:0;0_16:1;0	0.771420586117699
RXRA	PE 16:0;0_16:1;0	0.770900727227129
FOXO4	PC 16:0;0_16:0;0	0.769726722507661
KMT2A	PE 16:0;0_16:1;0	0.769597494546021
FOXM1	PC 16:0;0_16:0;0	-0.767255486046225
SREBF1	PC 16:0;0_16:0;0	0.762292755113745
ESRRA	PI 16:0;0_16:1;0	0.761783568105573
TEAD4	PS 16:1;0_18:0;0	-0.761535638741142
HMBOX1	PI 16:0;0_16:1;0	-0.760820593675315
CUX1	PS 16:1;0_18:0;0	0.758314848637017
NFE2	PS 16:1;0_18:0;0	0.755653297150941
PROX1	PI 16:0;0_16:1;0	0.752130962332661
ATF1	PC 16:0;0_16:1;0	-0.751964449472856
DUXBL1	PS 16:1;0_18:0;0	-0.751143311888726
DUXBL2	PS 16:1;0_18:0;0	-0.751143311888726
DUXBL3	PS 16:1;0_18:0;0	-0.751143311888726
KMT2A	PI 16:0;0_16:1;0	0.750523670855049
TWIST1	PC 16:0;0_16:0;0	0.749355801328351
ZFX	PI 16:0;0_16:1;0	-0.748677141592086
ETS2	PC 16:0;0_16:0;0	-0.748176913052923
CEBPB	PS 16:1;0_18:0;0	0.747259039044841
E2F1	PC 16:0;0_16:0;0	-0.747200777866095
ATF4	PE 16:0;0_16:1;0	0.744793428161937
OTX2	PC 16:0;0_16:1;0	-0.743601282211496
PKNOX1	PE 16:0;0_16:1;0	-0.743557903411605
MEF2B	PC 16:0;0_16:0;0	0.740256601681439
ATF6	PS 16:1;0_18:0;0	0.738808427326908
ESRRA	PC 16:0;0_16:1;0	0.738469091554779
E2F6	PE 16:0;0_16:1;0	-0.738459732019294
ZFP143	PI 16:0;0_16:1;0	0.732525579549412
PBX3	PC 16:0;0_16:0;0	-0.732148161852793
OTX2	PE 16:0;0_16:1;0	-0.731416056829286
PKNOX1	PC 16:0;0_16:1;0	-0.730203699013048
ONECUT1	PC 16:0;0_16:1;0	-0.730009317728004
KMT2A	PC 16:0;0_16:1;0	0.729598689957402
ONECUT1	PE 16:0;0_16:1;0	-0.729566953695325
BCL6	PE 16:0;0_16:1;0	-0.729481179733109
POU4F2	PC 16:0;0_16:1;0	-0.729339855970583
NR4A1	PS 16:1;0_18:0;0	0.729044165015649
TFDP1	PC 16:0;0_16:0;0	-0.728467237824023
SP2	PE 16:0;0_16:1;0	-0.727727507103186
ATF2	PC 16:0;0_16:0;0	0.727109953724277
NFE2L1	PC 16:0;0_16:0;0	0.726971969679613
ATF6	PI 16:0;0_16:1;0	0.726498705090468
BCL6	PC 16:0;0_16:1;0	-0.722592805808226
CREB1	PS 16:1;0_18:0;0	-0.722274724618972
CREB1	PI 16:0;0_16:1;0	-0.72050317713691
STAT4	PS 16:1;0_18:0;0	0.72008218464854
ETV4	PE 16:0;0_16:1;0	-0.719138086848166
NFYA	PS 16:1;0_18:0;0	0.718828384193062
DUXBL1	PI 16:0;0_16:1;0	-0.717730643928695
DUXBL2	PI 16:0;0_16:1;0	-0.717730643928695
DUXBL3	PI 16:0;0_16:1;0	-0.717730643928695
STAT3	PS 16:1;0_18:0;0	-0.716341441578184
PROX1	PS 16:1;0_18:0;0	0.715772222501919
NRF1	PS 16:1;0_18:0;0	0.715478034093338
IRF2	PC 16:0;0_16:1;0	0.713776548409273
RUNX1	PC 16:0;0_16:0;0	0.712816293225956
ATF1	PE 16:0;0_16:1;0	-0.712126142531982
FOXO1	PC 16:0;0_16:0;0	0.710701690771724
ATF4	PC 16:0;0_16:1;0	0.710005366041498
KLF4	PE 16:0;0_16:1;0	0.708388206462954
STAT1	PS 16:1;0_18:0;0	0.706874602041153
KLF4	PC 16:0;0_16:1;0	0.705735497981653
GATA6	PS 16:1;0_18:0;0	-0.70564223073379
KLF1	PE 16:0;0_16:1;0	-0.705105288958463
ZBTB33	PC 16:0;0_16:0;0	0.700870830931771
POU4F2	PE 16:0;0_16:1;0	-0.700760278851957
IRF2	PE 16:0;0_16:1;0	0.700579527968288
E2F6	PC 16:0;0_16:1;0	-0.700356937142065
ZKSCAN1	PI 16:0;0_16:1;0	0.699890296679261
ESRRA	PC 16:0;0_16:0;0	0.696788158138145
KMT2A	PC 16:0;0_16:0;0	0.696741105672374
CLOCK	PI 16:0;0_16:1;0	0.696385546205796
KLF1	PC 16:0;0_16:1;0	-0.696092037641697
VDR	PE 16:0;0_16:1;0	-0.695819009255169
THAP11	PE 16:0;0_16:1;0	-0.69562648882265
IRF1	PE 16:0;0_16:1;0	0.694121979313829
THAP11	PC 16:0;0_16:1;0	-0.69365773634588
ETV4	PC 16:0;0_16:1;0	-0.69360876589508
NR3C1	PC 16:0;0_16:1;0	0.693267776562566
VDR	PC 16:0;0_16:0;0	-0.692899029640772
EGR1	PI 16:0;0_16:1;0	0.692199107161565
NR2C2	PC 16:0;0_16:1;0	-0.692027945024597
CREB3	PS 16:1;0_18:0;0	-0.690260149944392
GLI2	PC 16:0;0_16:0;0	-0.689831413950762
IRF4	PC 16:0;0_16:0;0	0.689824078083522
MAX	PC 16:0;0_16:0;0	-0.689131999032411
NR5A2	PI 16:0;0_16:1;0	0.688739455726934
SP2	PC 16:0;0_16:1;0	-0.688022658101197
SNAPC4	PE 16:0;0_16:1;0	-0.686315084275336
ELF5	PS 16:1;0_18:0;0	-0.686124623804165
MAF	PC 16:0;0_16:1;0	0.684511621380542
MBD1	PI 16:0;0_16:1;0	0.682036958660882
EHF	PE 16:0;0_16:1;0	-0.681247365817783
KLF6	PC 16:0;0_16:1;0	0.67865793988518
ETS1	PS 16:1;0_18:0;0	-0.678487798966846
EHF	PC 16:0;0_16:1;0	-0.676737852072628
SNAPC4	PI 16:0;0_16:1;0	-0.676226666877071
SIX5	PI 16:0;0_16:1;0	0.672665778504581
NR3C1	PE 16:0;0_16:1;0	0.6716422486917
FOXO3	PE 16:0;0_16:1;0	0.671543579290291
NR2C2	PE 16:0;0_16:1;0	-0.670803486225065
FLI1	PE 16:0;0_16:1;0	0.67050929918439
FLI1	PC 16:0;0_16:1;0	0.669130605702387
CUX1	PE 16:0;0_16:1;0	0.668611337672723
TEAD4	PC 16:0;0_16:1;0	-0.668485007091593
CUX1	PC 16:0;0_16:1;0	0.667452949074285
FOXO3	PC 16:0;0_16:1;0	0.667302358989944
MAF	PE 16:0;0_16:1;0	0.665907682323828
ZFX	PS 16:1;0_18:0;0	-0.665726248008697
BACH2	PC 16:0;0_16:0;0	0.665511260000954
ETS1	PI 16:0;0_16:1;0	-0.665462419242521
IRF1	PC 16:0;0_16:1;0	0.661519836083945
KLF6	PE 16:0;0_16:1;0	0.66071527904212
RARA	PC 16:0;0_16:0;0	0.659952034219726
YY1	PC 16:0;0_16:0;0	-0.659689616534905
SNAI2	PI 16:0;0_16:1;0	-0.658035894037923
MBD1	PS 16:1;0_18:0;0	0.657120398810574
VDR	PI 16:0;0_16:1;0	-0.655175766961681
TEAD2	PI 16:0;0_16:1;0	0.655074016739552
ATF1	PI 16:0;0_16:1;0	-0.653550856134779
PBX2	PC 16:0;0_16:0;0	0.652553980247769
EGR1	PS 16:1;0_18:0;0	0.651819314080012
VDR	PC 16:0;0_16:1;0	-0.650696042930448
SP2	PI 16:0;0_16:1;0	-0.649494466820708
E2F6	PI 16:0;0_16:1;0	-0.646466799301654
SMAD5	PE 16:0;0_16:1;0	0.645057737559671
ATF4	PS 16:1;0_18:0;0	0.643810086382876
SNAPC4	PC 16:0;0_16:1;0	-0.643676928646675
STAT3	PC 16:0;0_16:1;0	-0.643442980890898
POU5F1	PC 16:0;0_16:0;0	-0.64260549002331
TCF7	PC 16:0;0_16:1;0	-0.640848981502146
ELF3	PI 16:0;0_16:1;0	0.639505027933073
HMBOX1	PC 16:0;0_16:0;0	-0.635445004695662
SMAD5	PC 16:0;0_16:1;0	0.635088989748938
GFI1B	PS 16:1;0_18:0;0	0.635010960724246
IKZF1	PC 16:0;0_16:0;0	0.634394333100144
RFX2	PS 16:1;0_18:0;0	0.633919777095142
THAP1	PS 16:1;0_18:0;0	-0.633561665621571
STAT1	PI 16:0;0_16:1;0	0.633283966470598
BATF	PS 16:1;0_18:0;0	0.627057631705849
TEAD4	PE 16:0;0_16:1;0	-0.626343426680031
MYOD1	PC 16:0;0_16:0;0	0.626286290289962
IRF1	PS 16:1;0_18:0;0	0.625905009188595
ELF3	PS 16:1;0_18:0;0	0.625164252715406
BATF	PI 16:0;0_16:1;0	0.622197601942663
SOX11	PE 16:0;0_16:1;0	0.621770767672899
CEBPB	PI 16:0;0_16:1;0	0.62164688480061
CDX2	PE 16:0;0_16:1;0	0.620633283857075
HNF4A	PC 16:0;0_16:0;0	0.620626112315608
CDX2	PC 16:0;0_16:1;0	0.620566862830573
TCF7	PE 16:0;0_16:1;0	-0.620500487842911
NR4A1	PC 16:0;0_16:1;0	0.618673126307249
GATA6	PI 16:0;0_16:1;0	-0.618123826041442
SNAPC4	PC 16:0;0_16:0;0	-0.61776546624947
FOXL2	PC 16:0;0_16:0;0	-0.616912047169717
SREBF2	PC 16:0;0_16:0;0	0.616327982978236
ZKSCAN1	PS 16:1;0_18:0;0	0.614603017684374
FOXJ2	PC 16:0;0_16:0;0	0.61424198999738
NR3C1	PS 16:1;0_18:0;0	0.613510857595572
TFAP4	PC 16:0;0_16:0;0	-0.613488943042172
EBF1	PC 16:0;0_16:0;0	-0.613096773867238
SP4	PI 16:0;0_16:1;0	0.612370942681828
NR2C2	PS 16:1;0_18:0;0	-0.610228621218201
ATF1	PC 16:0;0_16:0;0	-0.610101376773697
SIX2	PE 16:0;0_16:1;0	0.608265296684668
CREB3L1	PC 16:0;0_16:0;0	0.607697866920062
FOSL2	PC 16:0;0_16:0;0	0.606694485979451
CLOCK	PS 16:1;0_18:0;0	0.603133096293191
CEBPA	PC 16:0;0_16:0;0	-0.602390851168587
STAT3	PE 16:0;0_16:1;0	-0.601672321898334
DUXBL1	PC 16:0;0_16:1;0	-0.600483436580574
DUXBL2	PC 16:0;0_16:1;0	-0.600483436580574
DUXBL3	PC 16:0;0_16:1;0	-0.600483436580574
RFX2	PI 16:0;0_16:1;0	0.598128236553763
CEBPG	PC 16:0;0_16:0;0	0.596247096088864
ZFP110	PS 16:1;0_18:0;0	-0.593517638899189
ZFP369	PS 16:1;0_18:0;0	-0.593517638899189
STAT4	PC 16:0;0_16:1;0	0.593101393466958
ZFX	PE 16:0;0_16:1;0	-0.59281306118242
LYL1	PC 16:0;0_16:0;0	-0.591403131919857
ZBTB7A	PI 16:0;0_16:1;0	-0.590589441902889
ZFP143	PS 16:1;0_18:0;0	0.589744694790396
SIX2	PC 16:0;0_16:0;0	0.58900093620339
SP4	PS 16:1;0_18:0;0	0.588815444897741
SOX11	PC 16:0;0_16:1;0	0.588555622522731
SMAD4	PS 16:1;0_18:0;0	-0.587480135231211
CREB1	PC 16:0;0_16:1;0	-0.587113635922147
ZFX	PC 16:0;0_16:1;0	-0.586025021176599
SIX2	PI 16:0;0_16:1;0	0.584033326663838
STAT6	PI 16:0;0_16:1;0	0.583661184690704
ESRRA	PS 16:1;0_18:0;0	0.582524849357934
NRF1	PI 16:0;0_16:1;0	0.582418903742849
GRHL2	PI 16:0;0_16:1;0	0.582125089993
DUXBL1	PE 16:0;0_16:1;0	-0.581474519489871
DUXBL2	PE 16:0;0_16:1;0	-0.581474519489871
DUXBL3	PE 16:0;0_16:1;0	-0.581474519489871
RFX1	PS 16:1;0_18:0;0	-0.579949832805089
ZFP143	PE 16:0;0_16:1;0	0.579683394619446
TEAD4	PI 16:0;0_16:1;0	-0.578553067252985
STAT6	PS 16:1;0_18:0;0	0.577251358849748
CREB1	PE 16:0;0_16:1;0	-0.574899696321141
KMT2A	PS 16:1;0_18:0;0	0.570442627974785
NR4A1	PE 16:0;0_16:1;0	0.569264604184028
RUNX2	PI 16:0;0_16:1;0	0.56596780314183
SIX2	PC 16:0;0_16:1;0	0.564397855420791
THAP1	PC 16:0;0_16:1;0	-0.564323511959537
MYCN	PI 16:0;0_16:1;0	-0.564101670137444
NR5A2	PS 16:1;0_18:0;0	0.562506887340108
PKNOX1	PI 16:0;0_16:1;0	-0.56187984104851
SMAD4	PC 16:0;0_16:0;0	-0.560866079319461
ZFP110	PC 16:0;0_16:0;0	-0.559515819662665
ZFP369	PC 16:0;0_16:0;0	-0.559515819662665
ZFP143	PC 16:0;0_16:1;0	0.558705409099279
ETV4	PI 16:0;0_16:1;0	-0.557408886090393
STAT3	PC 16:0;0_16:0;0	-0.555309842901608
CEBPB	PC 16:0;0_16:1;0	0.55493986406317
BCL6	PS 16:1;0_18:0;0	-0.549134869298572
ZFP110	PC 16:0;0_16:1;0	-0.548624946529084
ZFP369	PC 16:0;0_16:1;0	-0.548624946529084
IRF9	PI 16:0;0_16:1;0	0.547415842321548
SOX6	PC 16:0;0_16:0;0	0.546746460573544
CEBPD	PI 16:0;0_16:1;0	0.546273259074771
SMAD4	PC 16:0;0_16:1;0	-0.544422152108379
KLF4	PS 16:1;0_18:0;0	0.542868347696165
STAT4	PE 16:0;0_16:1;0	0.542223699992094
PKNOX1	PS 16:1;0_18:0;0	-0.541752674626264
ZKSCAN1	PE 16:0;0_16:1;0	0.540796066623116
SIX5	PS 16:1;0_18:0;0	0.539303083239487
BCL6	PI 16:0;0_16:1;0	-0.538746642612805
TRP73	PI 16:0;0_16:1;0	0.538266782065105
CLOCK	PE 16:0;0_16:1;0	0.536986622363343
JUNB	PE 16:0;0_16:1;0	0.536044749022877
STAT1	PC 16:0;0_16:1;0	0.534010128055118
RUNX2	PE 16:0;0_16:1;0	0.533514975617255
ZKSCAN1	PC 16:0;0_16:1;0	0.533456771907878
HIF1A	PI 16:0;0_16:1;0	0.533357296975943
NFYB	PC 16:0;0_16:0;0	-0.532935473456601
THAP11	PS 16:1;0_18:0;0	-0.532158238376776
NR5A2	PE 16:0;0_16:1;0	0.530446357512549
CLOCK	PC 16:0;0_16:1;0	0.527795389479499
CEBPD	PS 16:1;0_18:0;0	0.527106140438443
GATA6	PC 16:0;0_16:1;0	-0.527086415552977
STAT3	PI 16:0;0_16:1;0	-0.527069402309928
JUNB	PC 16:0;0_16:1;0	0.526787499617066
CTCFL	PS 16:1;0_18:0;0	-0.523427204199817
ELF5	PC 16:0;0_16:1;0	-0.523123351843316
THAP1	PE 16:0;0_16:1;0	-0.522266683712689
NFATC1	PC 16:0;0_16:0;0	-0.518064069752158
TEAD4	PC 16:0;0_16:0;0	-0.517699917902023
USF1	PI 16:0;0_16:1;0	0.517696937423325
ZBTB7A	PE 16:0;0_16:1;0	-0.517007160692749
CEBPB	PE 16:0;0_16:1;0	0.51674522290298
KLF1	PS 16:1;0_18:0;0	-0.515376251370733
USF2	PC 16:0;0_16:0;0	0.515259190716961
SNAI2	PS 16:1;0_18:0;0	-0.514712187345349
SIX5	PE 16:0;0_16:1;0	0.514310662270633
NR5A2	PC 16:0;0_16:1;0	0.513472296967757
KLF1	PI 16:0;0_16:1;0	-0.513406148799478
TEAD2	PS 16:1;0_18:0;0	0.513025748678668
KLF4	PI 16:0;0_16:1;0	0.512492853767065
PPARG	PC 16:0;0_16:0;0	0.512358817184771
BHLHE40	PE 16:0;0_16:1;0	-0.511724109288268
THAP1	PC 16:0;0_16:0;0	-0.51096327311051
NR4A1	PI 16:0;0_16:1;0	0.510929010212442
ZEB2	PC 16:0;0_16:0;0	-0.509737358393089
BHLHE22	PC 16:0;0_16:0;0	0.509717267481494
NRF1	PC 16:0;0_16:1;0	0.508978928409816
FLI1	PS 16:1;0_18:0;0	0.508456581772569
ZFP110	PE 16:0;0_16:1;0	-0.508033592676486
ZFP369	PE 16:0;0_16:1;0	-0.508033592676486
EHF	PS 16:1;0_18:0;0	-0.5072696561
STAT1	PE 16:0;0_16:1;0	0.506567659560725
FOXA1	PC 16:0;0_16:0;0	0.504100597949505
SMAD4	PE 16:0;0_16:1;0	-0.503959533861872
ZBTB11	PC 16:0;0_16:0;0	0.503481236296326
MEIS2	PC 16:0;0_16:0;0	-0.503323584589841
KDM5B	PI 16:0;0_16:1;0	0.501480447462998
SNAI2	PE 16:0;0_16:1;0	-0.50033815552644
STAT4	PI 16:0;0_16:1;0	0.499518350755403
MYBL2	PC 16:0;0_16:0;0	-0.498810386590744
FOXO3	PS 16:1;0_18:0;0	0.498289933379013
THAP11	PI 16:0;0_16:1;0	-0.498193127516975
PAX6	PC 16:0;0_16:0;0	-0.497218158690833
TEAD2	PE 16:0;0_16:1;0	0.497049157585755
GATA6	PE 16:0;0_16:1;0	-0.496787344881604
SIX5	PC 16:0;0_16:1;0	0.495612396163705
E2F6	PS 16:1;0_18:0;0	-0.4953174022815
ETS1	PC 16:0;0_16:1;0	-0.492882125315565
RUNX2	PC 16:0;0_16:1;0	0.490249518522604
RELA	PE 16:0;0_16:1;0	-0.488394248458573
SP2	PS 16:1;0_18:0;0	-0.487840976057895
BACH1	PC 16:0;0_16:0;0	0.485090269510156
NR4A1	PC 16:0;0_16:0;0	0.484313130160571
EHF	PI 16:0;0_16:1;0	-0.484006885804994
SNAPC4	PS 16:1;0_18:0;0	-0.483806455568802
MNT	PI 16:0;0_16:1;0	-0.483049621273821
CTCF	PE 16:0;0_16:1;0	-0.481593272775831
ETV4	PS 16:1;0_18:0;0	-0.479924448954278
NR3C1	PI 16:0;0_16:1;0	0.479253444358815
SNAI2	PC 16:0;0_16:1;0	-0.479218553616396
JUN	PI 16:0;0_16:1;0	0.478128086614877
NR2C2	PI 16:0;0_16:1;0	-0.477394468395598
TEAD2	PC 16:0;0_16:1;0	0.476234236801972
ZBTB7A	PC 16:0;0_16:1;0	-0.475902940305662
ETS1	PE 16:0;0_16:1;0	-0.47559551081121
RFX2	PC 16:0;0_16:1;0	0.47531631192599
FOXO3	PI 16:0;0_16:1;0	0.473472285478252
RELA	PC 16:0;0_16:1;0	-0.473045247134573
CTCF	PC 16:0;0_16:1;0	-0.472794197543724
FOXO4	PE 16:0;0_16:1;0	0.472537226929432
BHLHE40	PC 16:0;0_16:1;0	-0.471831240405096
FLI1	PI 16:0;0_16:1;0	0.470910803541707
ELF5	PE 16:0;0_16:1;0	-0.469789658225347
NRF1	PE 16:0;0_16:1;0	0.468676876874963
SOX11	PI 16:0;0_16:1;0	0.468088443577119
NFIC	PC 16:0;0_16:0;0	-0.467366893919365
PAX5	PC 16:0;0_16:0;0	-0.466523566581661
PBX3	PC 16:0;0_16:1;0	-0.466042876408248
MAZ	PC 16:0;0_16:0;0	-0.464422218540035
ELF5	PI 16:0;0_16:1;0	-0.46396753158625
TFAP2C	PC 16:0;0_16:0;0	0.463949041864249
CDX2	PS 16:1;0_18:0;0	0.463113909310169
MXI1	PI 16:0;0_16:1;0	-0.46254560364831
GATA3	PC 16:0;0_16:0;0	0.462148247676885
VDR	PS 16:1;0_18:0;0	-0.460402559706595
TWIST1	PC 16:0;0_16:1;0	0.458065222648215
HOXA9	PC 16:0;0_16:0;0	0.457575806384375
NR2F1	PI 16:0;0_16:1;0	0.457247442377345
RFX2	PE 16:0;0_16:1;0	0.455887057428524
ATF4	PC 16:0;0_16:0;0	0.451239921413624
SMAD5	PI 16:0;0_16:1;0	0.450038054957283
SMAD5	PS 16:1;0_18:0;0	0.44989799992983
CTCFL	PI 16:0;0_16:1;0	-0.449315371788891
JUND	PC 16:0;0_16:0;0	0.448791431096126
FOXO4	PC 16:0;0_16:1;0	0.447757596703377
ARID2	PI 16:0;0_16:1;0	-0.447650027624984
PBX3	PE 16:0;0_16:1;0	-0.4472513204728
TWIST1	PE 16:0;0_16:1;0	0.447144200902731
MYCN	PE 16:0;0_16:1;0	-0.446463334730229
HNF1B	PS 16:1;0_18:0;0	-0.446462131256769
TBX21	PC 16:0;0_16:0;0	0.445207638476987
JUN	PS 16:1;0_18:0;0	0.441272211957512
GFI1B	PC 16:0;0_16:1;0	0.440935572072151
TBP	PC 16:0;0_16:0;0	-0.440558664151553
STAT6	PC 16:0;0_16:1;0	0.440538172434157
THAP1	PI 16:0;0_16:1;0	-0.439336183797874
IRF9	PS 16:1;0_18:0;0	0.438693988652142
MAX	PC 16:0;0_16:1;0	-0.437479150419576
GRHL2	PS 16:1;0_18:0;0	0.43601980034289
SMAD3	PI 16:0;0_16:1;0	0.433922685279747
FOXO1	PE 16:0;0_16:1;0	0.432770362417087
RBPJ	PC 16:0;0_16:0;0	-0.432586988223937
KLF5	PC 16:0;0_16:0;0	-0.432427413295368
STAT6	PE 16:0;0_16:1;0	0.430330447390704
STAT4	PC 16:0;0_16:0;0	0.428442218927471
NR1H3	PC 16:0;0_16:0;0	-0.424130621186518
NFKB1	PC 16:0;0_16:0;0	-0.42401026287931
GRHL2	PE 16:0;0_16:1;0	0.422464531326476
ATF2	PC 16:0;0_16:1;0	0.420315225340926
CDX2	PI 16:0;0_16:1;0	0.41828452943575
GFI1B	PI 16:0;0_16:1;0	0.417064090557249
NCOA3	PC 16:0;0_16:0;0	0.416673014316572
HIF1A	PE 16:0;0_16:1;0	0.415124685624138
ATF2	PE 16:0;0_16:1;0	0.414074702688982
MAX	PE 16:0;0_16:1;0	-0.41380180081317
RUNX2	PC 16:0;0_16:0;0	0.411776457824425
ZFP24	PI 16:0;0_16:1;0	0.411740455700684
TRP53	PI 16:0;0_16:1;0	0.410655530340489
MYCN	PC 16:0;0_16:1;0	-0.4090849250591
ZFP639	PC 16:0;0_16:0;0	-0.40774466387363
STAT2	PC 16:0;0_16:0;0	0.40677696314502
MXI1	PE 16:0;0_16:1;0	-0.406748107973102
USF1	PS 16:1;0_18:0;0	0.403153858193891
TGIF2	PC 16:0;0_16:0;0	0.401679292669471
ZBTB33	PC 16:0;0_16:1;0	0.401333218659048
GRHL2	PC 16:0;0_16:1;0	0.4005007240614
EPAS1	PC 16:0;0_16:0;0	-0.399617567792643
ZFP110	PI 16:0;0_16:1;0	-0.397730992235306
ZFP369	PI 16:0;0_16:1;0	-0.397730992235306
CEBPD	PC 16:0;0_16:1;0	0.397350512576437
TRP73	PS 16:1;0_18:0;0	0.396638010456904
FOXO1	PC 16:0;0_16:1;0	0.392417860879329
SIX2	PS 16:1;0_18:0;0	0.391652462622729
SMAD4	PI 16:0;0_16:1;0	-0.391603528135958
ZBTB33	PE 16:0;0_16:1;0	0.391186227455469
CEBPD	PE 16:0;0_16:1;0	0.390098113880657
MXI1	PC 16:0;0_16:1;0	-0.388323840865526
GFI1B	PE 16:0;0_16:1;0	0.386580077893279
ZBTB7A	PS 16:1;0_18:0;0	-0.384543347604865
IRF9	PE 16:0;0_16:1;0	0.384425694049011
SPI1	PI 16:0;0_16:1;0	0.38391278710793
PGR	PC 16:0;0_16:0;0	-0.382221933162589
XBP1	PS 16:1;0_18:0;0	-0.379205714393624
HIF1A	PC 16:0;0_16:1;0	0.377826864032994
TRP73	PE 16:0;0_16:1;0	0.377589784866973
PBX3	PS 16:1;0_18:0;0	-0.376192585015505
JUND	PS 16:1;0_18:0;0	0.37592636186545
STAT5A	PC 16:0;0_16:0;0	-0.375800975132931
ASCL1	PI 16:0;0_16:1;0	0.374595454441939
TFAP2C	PS 16:1;0_18:0;0	0.373046491517827
RFX1	PC 16:0;0_16:1;0	-0.372866370276177
RFX1	PI 16:0;0_16:1;0	-0.372381888949513
IRF9	PC 16:0;0_16:1;0	0.371229544038339
TRP63	PI 16:0;0_16:1;0	0.369479112092481
MAX	PS 16:1;0_18:0;0	-0.367604788179247
PDX1	PC 16:0;0_16:0;0	0.366826561119844
MNT	PS 16:1;0_18:0;0	-0.366219549454277
NFATC1	PE 16:0;0_16:1;0	-0.364081029768518
MYCN	PS 16:1;0_18:0;0	-0.363074227084843
FOXJ2	PC 16:0;0_16:1;0	0.362621758289038
RUNX2	PS 16:1;0_18:0;0	0.361767903813592
MXI1	PS 16:1;0_18:0;0	-0.360740245612232
BHLHE40	PI 16:0;0_16:1;0	-0.360249345455075
NR2F1	PS 16:1;0_18:0;0	0.359458097372913
RUNX3	PC 16:0;0_16:0;0	-0.359380893412247
NFKB1	PS 16:1;0_18:0;0	-0.357461597626376
SOX11	PS 16:1;0_18:0;0	0.357116908777613
CREM	PI 16:0;0_16:1;0	-0.35679077613325
TRP73	PC 16:0;0_16:1;0	0.356548557487204
MAFF	PC 16:0;0_16:0;0	0.355973841572478
USF1	PE 16:0;0_16:1;0	0.354939545318865
CREM	PS 16:1;0_18:0;0	-0.354804115502019
HSF1	PC 16:0;0_16:0;0	0.352973985996663
KDM5B	PS 16:1;0_18:0;0	0.352340787524896
TFAP2C	PC 16:0;0_16:1;0	0.351434130485543
EBF1	PC 16:0;0_16:1;0	-0.348869076522768
TCF12	PI 16:0;0_16:1;0	0.346700061055151
RUNX3	PS 16:1;0_18:0;0	0.346330826897595
JUNB	PS 16:1;0_18:0;0	0.344622918725798
IRF1	PC 16:0;0_16:0;0	0.343602051994293
ZFP740	PC 16:0;0_16:0;0	-0.342245268573812
KDM5B	PE 16:0;0_16:1;0	0.341833336535847
TWIST1	PS 16:1;0_18:0;0	0.340587586114798
USF1	PC 16:0;0_16:1;0	0.340249710407668
JUNB	PI 16:0;0_16:1;0	0.339285477140912
FOXJ2	PE 16:0;0_16:1;0	0.336952151018229
MYOD1	PE 16:0;0_16:1;0	0.336628353658944
PRDM14	PI 16:0;0_16:1;0	0.336587687401776
SP3	PC 16:0;0_16:0;0	-0.333879904413657
HIF1A	PS 16:1;0_18:0;0	0.333068757523786
SMAD3	PE 16:0;0_16:1;0	0.331466724715873
FOSL2	PC 16:0;0_16:1;0	0.331225057071396
TFAP4	PC 16:0;0_16:1;0	-0.32933744590695
JUND	PC 16:0;0_16:1;0	0.329266769557864
KLF13	PC 16:0;0_16:0;0	0.328630373519646
CEBPG	PE 16:0;0_16:1;0	0.328354398273691
NFE2L2	PC 16:0;0_16:0;0	0.326541220693911
MEIS2	PE 16:0;0_16:1;0	-0.326276052983586
TCF4	PC 16:0;0_16:0;0	0.326238131513254
GATA2	PI 16:0;0_16:1;0	0.326192546206379
EBF1	PE 16:0;0_16:1;0	-0.326109210980799
NANOG	PC 16:0;0_16:0;0	-0.325219954592168
ARID2	PS 16:1;0_18:0;0	-0.323986367917787
JUN	PC 16:0;0_16:1;0	0.322511856258961
RXRA	PC 16:0;0_16:0;0	0.322391114423875
MNT	PE 16:0;0_16:1;0	-0.320708772877063
TAL1	PC 16:0;0_16:0;0	0.319819314472911
RFX1	PE 16:0;0_16:1;0	-0.319775572946319
GABPA	PC 16:0;0_16:0;0	0.31968299164824
JUN	PE 16:0;0_16:1;0	0.319516043120201
TRP53	PS 16:1;0_18:0;0	0.319118100131301
KDM5B	PC 16:0;0_16:1;0	0.318827179831684
ESR1	PI 16:0;0_16:1;0	0.318271975281054
NR2F6	PS 16:1;0_18:0;0	-0.316831175919381
TFAP2C	PE 16:0;0_16:1;0	0.313721923012148
ZEB1	PC 16:0;0_16:0;0	0.312864973719524
TFAP4	PE 16:0;0_16:1;0	-0.311975417472146
REL	PC 16:0;0_16:0;0	-0.311517824768461
FOSL2	PE 16:0;0_16:1;0	0.311270400481066
LYL1	PC 16:0;0_16:1;0	-0.309747355250548
ZBTB7A	PC 16:0;0_16:0;0	-0.309622943329408
NFATC1	PC 16:0;0_16:1;0	-0.30946211825912
NFKB1	PC 16:0;0_16:1;0	-0.306441299737041
CTCFL	PC 16:0;0_16:1;0	-0.305844137315028
MNT	PC 16:0;0_16:1;0	-0.305317141265605
ZFP24	PS 16:1;0_18:0;0	0.305177297214992
FOXJ2	PS 16:1;0_18:0;0	0.304967669807244
SPI1	PE 16:0;0_16:1;0	0.303119353834118
RELA	PI 16:0;0_16:1;0	-0.299217934615513
MYOD1	PC 16:0;0_16:1;0	0.299151415980786
TGIF2	PS 16:1;0_18:0;0	-0.298640043214007
FOXO4	PI 16:0;0_16:1;0	0.297514305723761
NR1H3	PS 16:1;0_18:0;0	-0.296528541385572
NR2F1	PE 16:0;0_16:1;0	0.294927690121572
POU2F2	PI 16:0;0_16:1;0	0.294113184556274
CTCF	PS 16:1;0_18:0;0	-0.294008136323298
SMAD3	PC 16:0;0_16:1;0	0.293239376503926
FOXL2	PE 16:0;0_16:1;0	-0.2918255239418
HNF1B	PI 16:0;0_16:1;0	-0.291705333624158
NFATC1	PI 16:0;0_16:1;0	-0.291653986778119
ELF5	PC 16:0;0_16:0;0	-0.291522935607759
LYL1	PE 16:0;0_16:1;0	-0.291325970147885
POU4F2	PC 16:0;0_16:0;0	-0.291114162005554
CREB3L1	PE 16:0;0_16:1;0	0.290804134154806
ATF2	PS 16:1;0_18:0;0	0.289410702140175
CEBPG	PC 16:0;0_16:1;0	0.28843851790052
BACH1	PE 16:0;0_16:1;0	0.288123182158427
ARID2	PE 16:0;0_16:1;0	-0.286281350463503
CTCF	PI 16:0;0_16:1;0	-0.286080816702275
MEF2C	PC 16:0;0_16:0;0	-0.285946843099448
ZBTB33	PS 16:1;0_18:0;0	0.284543807799212
NR2F1	PC 16:0;0_16:1;0	0.283864126554274
RFX5	PS 16:1;0_18:0;0	0.283401522048908
FOXO1	PI 16:0;0_16:1;0	0.282932327287453
NR1H3	PC 16:0;0_16:1;0	-0.282085845517046
EOMES	PS 16:1;0_18:0;0	0.281952449698499
JUND	PE 16:0;0_16:1;0	0.281433920685336
STAT5B	PC 16:0;0_16:0;0	0.28121165821305
EBF1	PS 16:1;0_18:0;0	-0.280904937680136
ELK1	PC 16:0;0_16:0;0	0.280542936215803
OTX2	PC 16:0;0_16:0;0	-0.279356200986117
NCOA2	PS 16:1;0_18:0;0	0.277586013714816
RELA	PS 16:1;0_18:0;0	-0.277153533557163
CTCFL	PE 16:0;0_16:1;0	-0.276237494251094
CEBPA	PE 16:0;0_16:1;0	-0.275589701704187
STAT2	PS 16:1;0_18:0;0	0.275155529697487
CEBPA	PC 16:0;0_16:1;0	-0.275152082381362
ASCL1	PE 16:0;0_16:1;0	0.27375818470558
POU2F2	PE 16:0;0_16:1;0	0.273330330949983
REL	PS 16:1;0_18:0;0	-0.273231044409152
ONECUT1	PC 16:0;0_16:0;0	-0.273078770341571
MEIS2	PC 16:0;0_16:1;0	-0.272610397404384
MYB	PC 16:0;0_16:0;0	-0.270875171540937
GATA2	PS 16:1;0_18:0;0	0.270652962447617
ARID2	PC 16:0;0_16:1;0	-0.269091842484164
CREM	PC 16:0;0_16:1;0	-0.267961690936145
MEIS1	PS 16:1;0_18:0;0	0.266145544260562
NCOA2	PC 16:0;0_16:0;0	-0.264801315473901
HNF1B	PC 16:0;0_16:0;0	0.263723458268367
SPI1	PC 16:0;0_16:1;0	0.263650292720678
XBP1	PI 16:0;0_16:1;0	-0.261501742961741
CREM	PE 16:0;0_16:1;0	-0.261156458392037
STAT2	PC 16:0;0_16:1;0	0.260800631738247
PPARA	PC 16:0;0_16:0;0	-0.259996320509203
KLF3	PI 16:0;0_16:1;0	0.258218047315027
NFKB1	PE 16:0;0_16:1;0	-0.258015980195692
NCOA1	PC 16:0;0_16:0;0	0.255913507028121
FOSL2	PS 16:1;0_18:0;0	0.254059684276818
ZFP24	PE 16:0;0_16:1;0	0.250596629889085
ZFP592	PC 16:0;0_16:0;0	-0.249951620102791
TEAD1	PS 16:1;0_18:0;0	-0.249622846681364
TRP53	PE 16:0;0_16:1;0	0.249505567708584
FOXL2	PC 16:0;0_16:1;0	-0.248296677378991
PBX3	PI 16:0;0_16:1;0	-0.24827470465282
CREB3L1	PC 16:0;0_16:1;0	0.248263871585697
MEIS2	PI 16:0;0_16:1;0	-0.246226325746503
IRF2	PC 16:0;0_16:0;0	0.245983381889945
NR1H3	PE 16:0;0_16:1;0	-0.24583654178895
TWIST1	PI 16:0;0_16:1;0	0.245786957693887
TFAP4	PS 16:1;0_18:0;0	-0.242866680097842
TRP53	PC 16:0;0_16:1;0	0.239634585843829
ZFP24	PC 16:0;0_16:1;0	0.23722886731499
ASCL1	PC 16:0;0_16:1;0	0.236097521076308
TBX21	PS 16:1;0_18:0;0	-0.236094814157388
BACH1	PC 16:0;0_16:1;0	0.23582514703816
SMAD3	PS 16:1;0_18:0;0	0.235513183213161
EOMES	PC 16:0;0_16:0;0	-0.23479332606119
RFX5	PC 16:0;0_16:0;0	-0.233772955248491
ARNTL	PS 16:1;0_18:0;0	0.233034721818325
POU2F2	PC 16:0;0_16:0;0	0.23268694565201
POU2F2	PC 16:0;0_16:1;0	0.231717174751269
FOXO4	PS 16:1;0_18:0;0	0.231327988364847
TEAD1	PC 16:0;0_16:0;0	-0.229158475339459
LYL1	PS 16:1;0_18:0;0	-0.228680146095904
MAZ	PC 16:0;0_16:1;0	-0.228009859690078
TRP63	PS 16:1;0_18:0;0	0.227120752227656
HSF1	PE 16:0;0_16:1;0	0.226675959455381
KLF5	PE 16:0;0_16:1;0	-0.226605447526659
MXI1	PC 16:0;0_16:0;0	-0.226203667141436
STAT2	PE 16:0;0_16:1;0	0.224864425127989
BHLHE40	PS 16:1;0_18:0;0	-0.221963960199857
MAX	PI 16:0;0_16:1;0	-0.219388336296639
PAX5	PS 16:1;0_18:0;0	0.218917756237919
PPARA	PI 16:0;0_16:1;0	0.218619961156886
KLF5	PC 16:0;0_16:1;0	-0.218521155272592
MBD2	PI 16:0;0_16:1;0	0.217721786309869
MAF	PC 16:0;0_16:0;0	0.217515947597634
FOXA1	PC 16:0;0_16:1;0	0.216370334541181
NR2F6	PC 16:0;0_16:0;0	0.215979220452789
ATF2	PI 16:0;0_16:1;0	0.214644672448852
TRP63	PE 16:0;0_16:1;0	0.211982884166676
ZFP263	PI 16:0;0_16:1;0	-0.211067983678425
KLF6	PC 16:0;0_16:0;0	0.210802891565137
MEIS1	PC 16:0;0_16:0;0	-0.21056684901203
CUX1	PC 16:0;0_16:0;0	0.209544420705452
KLF9	PI 16:0;0_16:1;0	0.207333501885018
MEF2C	PS 16:1;0_18:0;0	0.20445566244757
NR2F6	PI 16:0;0_16:1;0	-0.204040324078796
REL	PC 16:0;0_16:1;0	-0.203659065419211
ZBTB11	PC 16:0;0_16:1;0	0.202790005656338
BACH1	PI 16:0;0_16:1;0	0.201682392796208
MAZ	PS 16:1;0_18:0;0	-0.200785153932065
FOXA1	PE 16:0;0_16:1;0	0.199413097497847
SOX13	PC 16:0;0_16:0;0	-0.197667300667322
MAZ	PE 16:0;0_16:1;0	-0.197470397763859
TCF12	PE 16:0;0_16:1;0	0.195553377103434
CTCFL	PC 16:0;0_16:0;0	0.195007625924132
CEBPG	PI 16:0;0_16:1;0	0.194361775026478
ZBTB33	PI 16:0;0_16:1;0	0.192929580441315
GATA2	PC 16:0;0_16:0;0	-0.19260308595477
HNF1B	PC 16:0;0_16:1;0	-0.192206078133918
SOX13	PS 16:1;0_18:0;0	-0.191279540163946
ZBTB11	PE 16:0;0_16:1;0	0.190456707533903
TRP63	PC 16:0;0_16:1;0	0.189878964416147
MYOD1	PI 16:0;0_16:1;0	0.189504491688969
RUNX3	PI 16:0;0_16:1;0	0.189487067448195
PRDM14	PE 16:0;0_16:1;0	0.189141977520315
TEAD1	PC 16:0;0_16:1;0	-0.18711167330536
SPI1	PS 16:1;0_18:0;0	0.186691354054577
HSF1	PC 16:0;0_16:1;0	0.185766245911902
NCOA1	PS 16:1;0_18:0;0	0.184324878491681
XBP1	PC 16:0;0_16:1;0	-0.182925447260254
GABPA	PS 16:1;0_18:0;0	0.182425894898276
MEIS1	PI 16:0;0_16:1;0	0.181227280037079
ASCL1	PS 16:1;0_18:0;0	0.180094902002789
XBP1	PC 16:0;0_16:0;0	0.179879083513114
TFAP2C	PI 16:0;0_16:1;0	0.17952522268521
PPARA	PS 16:1;0_18:0;0	0.174375442771227
HSF1	PI 16:0;0_16:1;0	0.17219822226785
ARNTL	PC 16:0;0_16:0;0	0.171180561761316
TCF12	PS 16:1;0_18:0;0	0.17037977617029
NCOA2	PI 16:0;0_16:1;0	0.169861385687945
GATA2	PE 16:0;0_16:1;0	0.169822500330813
ELK1	PE 16:0;0_16:1;0	0.169538129477765
GATA2	PC 16:0;0_16:1;0	0.167699137790033
GABPA	PC 16:0;0_16:1;0	0.165236513771963
ESR1	PE 16:0;0_16:1;0	0.165225357955244
TCF12	PC 16:0;0_16:1;0	0.165057735085751
ZFP143	PC 16:0;0_16:0;0	0.160761285221957
ESR1	PS 16:1;0_18:0;0	0.158785434468499
ARNTL	PC 16:0;0_16:1;0	0.157766183931382
PRDM14	PC 16:0;0_16:1;0	0.157281930556596
MYCN	PC 16:0;0_16:0;0	-0.157174475427335
PRDM14	PS 16:1;0_18:0;0	0.155552852914366
PPARG	PE 16:0;0_16:1;0	0.155262156270775
RFX5	PI 16:0;0_16:1;0	0.155241224462102
EOMES	PI 16:0;0_16:1;0	0.154219751801965
REL	PE 16:0;0_16:1;0	-0.15312388721683
HOXA9	PC 16:0;0_16:1;0	0.152768469192306
KLF9	PC 16:0;0_16:0;0	-0.152053787862182
PPARG	PS 16:1;0_18:0;0	-0.151829880224699
ESR1	PC 16:0;0_16:0;0	-0.150952325350188
GFI1B	PC 16:0;0_16:0;0	0.149733208371465
STAT5B	PE 16:0;0_16:1;0	0.149160990039849
TEAD1	PE 16:0;0_16:1;0	-0.149118264102933
FOXJ2	PI 16:0;0_16:1;0	0.148481883476122
XBP1	PE 16:0;0_16:1;0	-0.147517699126598
ZEB1	PI 16:0;0_16:1;0	-0.146866050791337
NCOA1	PC 16:0;0_16:1;0	0.146819273634074
HNF1B	PE 16:0;0_16:1;0	-0.146127824770834
ZFP639	PC 16:0;0_16:1;0	-0.144710013463615
FOXO1	PS 16:1;0_18:0;0	0.143625667838342
RBPJ	PC 16:0;0_16:1;0	-0.142842288457181
HOXA9	PE 16:0;0_16:1;0	0.142654197381022
ZFX	PC 16:0;0_16:0;0	-0.142383532482399
STAT5A	PS 16:1;0_18:0;0	0.142181852783841
NFIC	PE 16:0;0_16:1;0	-0.141684022155496
TGIF2	PI 16:0;0_16:1;0	-0.141577537995622
KLF3	PE 16:0;0_16:1;0	0.140631077903634
TCF4	PI 16:0;0_16:1;0	-0.140140205037024
SP1	PI 16:0;0_16:1;0	0.139626459394841
CREB3L1	PI 16:0;0_16:1;0	0.139436194828672
ELK1	PC 16:0;0_16:1;0	0.139356180477116
ESR1	PC 16:0;0_16:1;0	0.138648941353502
NFIC	PC 16:0;0_16:1;0	-0.138619401555055
FOXA1	PS 16:1;0_18:0;0	0.138550373812833
KLF13	PI 16:0;0_16:1;0	-0.138140551931361
FOXL2	PI 16:0;0_16:1;0	-0.137168627175883
EBF1	PI 16:0;0_16:1;0	-0.136359409176443
JUND	PI 16:0;0_16:1;0	0.134994924388852
CEBPA	PS 16:1;0_18:0;0	-0.134478926926626
SOX13	PC 16:0;0_16:1;0	-0.13442506476347
DUXBL1	PC 16:0;0_16:0;0	-0.134288035014549
DUXBL2	PC 16:0;0_16:0;0	-0.134288035014549
DUXBL3	PC 16:0;0_16:0;0	-0.134288035014549
EPAS1	PC 16:0;0_16:1;0	-0.133358834549837
HIF1A	PC 16:0;0_16:0;0	0.131605844769459
TRP63	PC 16:0;0_16:0;0	-0.131148922970285
GABPA	PE 16:0;0_16:1;0	0.130683076643093
TCF7	PC 16:0;0_16:0;0	-0.129584372656686
TRP53	PC 16:0;0_16:0;0	-0.12895086619239
RBPJ	PE 16:0;0_16:1;0	-0.127238068875872
SPI1	PC 16:0;0_16:0;0	0.1268190775281
NR2F6	PC 16:0;0_16:1;0	-0.126020547526157
MYB	PI 16:0;0_16:1;0	0.123228057839887
ZFP24	PC 16:0;0_16:0;0	-0.122625856346679
SP3	PS 16:1;0_18:0;0	0.121567522653761
FOSL2	PI 16:0;0_16:1;0	0.121201086069751
ZFP639	PE 16:0;0_16:1;0	-0.120989235287549
TFAP4	PI 16:0;0_16:1;0	-0.120856820902199
ELK1	PI 16:0;0_16:1;0	0.120572514942248
CREB1	PC 16:0;0_16:0;0	-0.120288909590437
CEBPB	PC 16:0;0_16:0;0	0.119874444476108
ARNTL	PE 16:0;0_16:1;0	0.11975832285224
STAT5A	PE 16:0;0_16:1;0	-0.118668745739785
STAT5B	PC 16:0;0_16:1;0	0.118452173535816
MBD2	PC 16:0;0_16:0;0	-0.117719260738936
TCF12	PC 16:0;0_16:0;0	-0.117428818514451
NFKB1	PI 16:0;0_16:1;0	-0.114336221710173
SP1	PE 16:0;0_16:1;0	0.113313375968195
PRDM1	PI 16:0;0_16:1;0	0.112718551200056
PRDM14	PC 16:0;0_16:0;0	-0.112504587583155
NCOA1	PE 16:0;0_16:1;0	0.11111733628282
EPAS1	PE 16:0;0_16:1;0	-0.110659720863669
ZFP263	PC 16:0;0_16:0;0	0.110299518090442
PPARG	PC 16:0;0_16:1;0	0.110277108362262
ZBTB11	PS 16:1;0_18:0;0	0.110231042939905
KLF5	PI 16:0;0_16:1;0	-0.109565809956109
NR1H3	PI 16:0;0_16:1;0	-0.106708566428334
KLF3	PC 16:0;0_16:1;0	0.106689631137869
ZFP592	PS 16:1;0_18:0;0	-0.106658423753224
NR5A2	PC 16:0;0_16:0;0	0.105076645981128
POU2F2	PS 16:1;0_18:0;0	0.104876523786335
KLF5	PS 16:1;0_18:0;0	-0.103319726005902
LYL1	PI 16:0;0_16:1;0	-0.102350886804696
SMAD3	PC 16:0;0_16:0;0	0.10145757880269
MEIS1	PC 16:0;0_16:1;0	0.100658788586867
MEF2C	PI 16:0;0_16:1;0	0.0999421898326
MBD2	PE 16:0;0_16:1;0	0.099879077223671
ZFP639	PS 16:1;0_18:0;0	-0.09926186404522
SOX13	PE 16:0;0_16:1;0	-0.097797907377805
ZFP263	PE 16:0;0_16:1;0	-0.097448668126737
PDX1	PC 16:0;0_16:1;0	0.096717110603133
ZKSCAN1	PC 16:0;0_16:0;0	0.096322335186967
TCF4	PS 16:1;0_18:0;0	-0.095740959853619
CLOCK	PC 16:0;0_16:0;0	0.095640202427934
SIX5	PC 16:0;0_16:0;0	0.09518400140933
NCOA3	PC 16:0;0_16:1;0	0.094981474179948
NCOA3	PE 16:0;0_16:1;0	0.094917212700755
NR2F1	PC 16:0;0_16:0;0	-0.094457334683559
STAT5B	PI 16:0;0_16:1;0	0.092746586630206
SP1	PC 16:0;0_16:0;0	0.092260036337085
NR2F6	PE 16:0;0_16:1;0	-0.092120852910614
PAX5	PE 16:0;0_16:1;0	-0.091862385680788
JUN	PC 16:0;0_16:0;0	-0.089706972962104
CEBPA	PI 16:0;0_16:1;0	-0.089655386918333
ARID2	PC 16:0;0_16:0;0	0.089562562922503
SNAI2	PC 16:0;0_16:0;0	-0.089556889118767
RFX5	PC 16:0;0_16:1;0	0.088594041759028
ZFP592	PC 16:0;0_16:1;0	-0.088263748779816
PDX1	PI 16:0;0_16:1;0	-0.087430101137908
EOMES	PC 16:0;0_16:1;0	0.087343566623667
STAT2	PI 16:0;0_16:1;0	0.086524755967196
TEAD2	PC 16:0;0_16:0;0	0.085856354614912
EPAS1	PS 16:1;0_18:0;0	-0.085335357936775
RUNX3	PC 16:0;0_16:1;0	0.084769823362019
KLF3	PC 16:0;0_16:0;0	-0.08425680636131
PRDM1	PE 16:0;0_16:1;0	0.083951666472017
STAT1	PC 16:0;0_16:0;0	0.083206775965115
NCOA2	PC 16:0;0_16:1;0	0.082740083415486
GATA6	PC 16:0;0_16:0;0	-0.082438504745415
TBX21	PI 16:0;0_16:1;0	-0.08158460643014
KLF9	PE 16:0;0_16:1;0	0.080962827313534
KLF13	PS 16:1;0_18:0;0	-0.08008615459646
KLF3	PS 16:1;0_18:0;0	0.077401360618823
STAT5A	PC 16:0;0_16:1;0	-0.0758647748186
PDX1	PE 16:0;0_16:1;0	0.075710434180169
SP1	PC 16:0;0_16:1;0	0.075085616158202
MEIS1	PE 16:0;0_16:1;0	0.073608153687233
SP3	PE 16:0;0_16:1;0	-0.071563342788387
TBX21	PE 16:0;0_16:1;0	0.070984065572267
NFATC1	PS 16:1;0_18:0;0	-0.070853151931571
NCOA3	PI 16:0;0_16:1;0	-0.069302384701718
PPARA	PE 16:0;0_16:1;0	0.068703435798694
ZFP592	PI 16:0;0_16:1;0	0.068657675772786
PPARA	PC 16:0;0_16:1;0	0.068374926147134
RBPJ	PS 16:1;0_18:0;0	-0.068034863347873
MNT	PC 16:0;0_16:0;0	0.067823436635644
MBD2	PC 16:0;0_16:1;0	0.066870375121298
TEAD1	PI 16:0;0_16:1;0	-0.066195823126286
ZFP263	PC 16:0;0_16:1;0	-0.064144017946095
MYOD1	PS 16:1;0_18:0;0	0.063498023995436
PRDM1	PC 16:0;0_16:0;0	0.063209034322093
PAX5	PI 16:0;0_16:1;0	0.06288335527398
ZEB1	PS 16:1;0_18:0;0	-0.061910571254744
NRF1	PC 16:0;0_16:0;0	0.06096947332912
ASCL1	PC 16:0;0_16:0;0	0.059394458740375
HOXA9	PS 16:1;0_18:0;0	0.058060605160642
PRDM1	PS 16:1;0_18:0;0	-0.057414487514625
ETS1	PC 16:0;0_16:0;0	0.056908711524946
EPAS1	PI 16:0;0_16:1;0	0.056521102662497
ZFP592	PE 16:0;0_16:1;0	-0.055196868058822
CEBPG	PS 16:1;0_18:0;0	0.054390052902622
RFX1	PC 16:0;0_16:0;0	-0.053854619158507
ARNTL	PI 16:0;0_16:1;0	0.053705246023942
RFX5	PE 16:0;0_16:1;0	0.051830775766092
MYB	PC 16:0;0_16:1;0	-0.05134217378514
EOMES	PE 16:0;0_16:1;0	0.050676104939668
NCOA2	PE 16:0;0_16:1;0	0.049661422962228
KLF9	PC 16:0;0_16:1;0	0.049162745867267
ZFP639	PI 16:0;0_16:1;0	0.047027685678514
PDX1	PS 16:1;0_18:0;0	0.046663327440437
PRDM1	PC 16:0;0_16:1;0	0.04652026525249
MYB	PS 16:1;0_18:0;0	-0.046242850875598
SP3	PC 16:0;0_16:1;0	-0.0460757277873
PAX5	PC 16:0;0_16:1;0	-0.045880815118184
RBPJ	PI 16:0;0_16:1;0	0.044279114416768
USF1	PC 16:0;0_16:0;0	-0.043359535804414
SP3	PI 16:0;0_16:1;0	0.04258528781542
MBD2	PS 16:1;0_18:0;0	0.041562982551572
RUNX3	PE 16:0;0_16:1;0	0.038289202592649
CEBPD	PC 16:0;0_16:0;0	-0.036764911085188
TGIF2	PC 16:0;0_16:1;0	-0.034955155439239
ZFP263	PS 16:1;0_18:0;0	-0.034854517530146
KLF9	PS 16:1;0_18:0;0	0.034331782824257
KDM5B	PC 16:0;0_16:0;0	-0.033966317432113
SP1	PS 16:1;0_18:0;0	-0.033766198944217
MEIS2	PS 16:1;0_18:0;0	-0.032305698227385
HOXA9	PI 16:0;0_16:1;0	-0.031013112946665
NFIC	PI 16:0;0_16:1;0	0.027166765852505
GRHL2	PC 16:0;0_16:0;0	0.026638247429245
STAT5B	PS 16:1;0_18:0;0	-0.026051282938158
MAZ	PI 16:0;0_16:1;0	-0.025492438126293
TBX21	PC 16:0;0_16:1;0	0.025411804860141
NCOA3	PS 16:1;0_18:0;0	-0.025135201644276
RFX2	PC 16:0;0_16:0;0	0.024134100350326
IRF9	PC 16:0;0_16:0;0	-0.02341368093039
REL	PI 16:0;0_16:1;0	-0.02292429887678
MEF2C	PC 16:0;0_16:1;0	0.021697387724492
MYB	PE 16:0;0_16:1;0	-0.021102844791062
KLF13	PC 16:0;0_16:1;0	0.019480424599909
FOXA1	PI 16:0;0_16:1;0	0.019339383597089
ZEB1	PC 16:0;0_16:1;0	0.017215128830715
KLF13	PE 16:0;0_16:1;0	0.015846808454538
STAT5A	PI 16:0;0_16:1;0	-0.014818434537132
TCF4	PC 16:0;0_16:1;0	0.012437094818168
SOX13	PI 16:0;0_16:1;0	-0.012006279392498
FOXL2	PS 16:1;0_18:0;0	0.01192373500223
TCF4	PE 16:0;0_16:1;0	0.011873922846511
TRP73	PC 16:0;0_16:0;0	-0.011582941616942
TGIF2	PE 16:0;0_16:1;0	0.011490896267415
ZBTB11	PI 16:0;0_16:1;0	0.010830514623742
MEF2C	PE 16:0;0_16:1;0	-0.009704321066961
CREM	PC 16:0;0_16:0;0	0.009007644689875
HSF1	PS 16:1;0_18:0;0	0.007700946868518
ZEB1	PE 16:0;0_16:1;0	0.007364635506385
CREB3L1	PS 16:1;0_18:0;0	-0.00630792350213
STAT6	PC 16:0;0_16:0;0	-0.004371045047404
NFIC	PS 16:1;0_18:0;0	-0.004024197120506
BACH1	PS 16:1;0_18:0;0	-0.003915254864504
NCOA1	PI 16:0;0_16:1;0	0.003087155483523
ELK1	PS 16:1;0_18:0;0	0.001605615923358
PPARG	PI 16:0;0_16:1;0	0.001263733084819
GABPA	PI 16:0;0_16:1;0	0.000246698029611
